{"cameraMode":{"drawMode":0,"name":"Shaded","section":"Shading Mode"},"sceneLighting":true,"audioPlay":false,"sceneViewState":{"showFog":false,"showMaterialUpdate":false,"showSkybox":false,"showFlares":false,"showImageEffects":false,"showParticleSystems":true},"in2DMode":false,"pivot":{"x":9.294275283813477,"y":1.065311312675476,"z":11.572644233703614},"rotation":{"x":-0.07189122587442398,"y":0.0991719663143158,"z":-0.00717587023973465,"w":-0.9924440383911133},"size":67.59840393066406,"orthographic":false}