{"cameraMode":{"drawMode":0,"name":"Shaded","section":"Shading Mode"},"sceneLighting":true,"audioPlay":false,"sceneViewState":{"showFog":false,"showMaterialUpdate":false,"showSkybox":false,"showFlares":false,"showImageEffects":false,"showParticleSystems":true},"in2DMode":false,"pivot":{"x":-1.7193230390548707,"y":-2.0100011825561525,"z":15.278935432434082},"rotation":{"x":-0.10808666050434113,"y":-0.014318488538265229,"z":0.0015559730818495155,"w":-0.9940371513366699},"size":35.83076095581055,"orthographic":false}